{
  "1411680350354145361": {
    "ayahNumber": 4955,
    "audioEdition": "ar.abdurrahmaansudais"
  },
  "1411680453680955525": {
    "ayahNumber": 4365,
    "audioEdition": "ar.hudhaify"
  },
  "1411680555140907118": {
    "ayahNumber": 1252,
    "audioEdition": "ar.muhammadjibreel"
  },
  "1411680660325924904": {
    "ayahNumber": 1156,
    "audioEdition": "ar.muhammadayyoub"
  },
  "1411680827972124833": {
    "ayahNumber": 2805,
    "audioEdition": "ar.mahermuaiqly"
  },
  "1411680869222977638": {
    "ayahNumber": 1317,
    "audioEdition": "ar.parhizgar"
  },
  "1411680974600671263": {
    "ayahNumber": 2247,
    "audioEdition": "ar.muhammadayyoub"
  },
  "1411681078841704521": {
    "ayahNumber": 2751,
    "audioEdition": "ar.shaatree"
  },
  "1411681185729613845": {
    "ayahNumber": 2150,
    "audioEdition": "ar.husary"
  },
  "1411681292357079161": {
    "ayahNumber": 242,
    "audioEdition": "ar.ahmedajamy"
  },
  "1411681396191395840": {
    "ayahNumber": 1563,
    "audioEdition": "ar.aymanswoaid"
  },
  "1411681503221649429": {
    "ayahNumber": 158,
    "audioEdition": "ar.mahermuaiqly"
  },
  "1411681605612994711": {
    "ayahNumber": 908,
    "audioEdition": "ar.muhammadjibreel"
  },
  "1411681710395101296": {
    "ayahNumber": 266,
    "audioEdition": "ar.parhizgar"
  },
  "1411681816649138258": {
    "ayahNumber": 987,
    "audioEdition": "ar.abdulsamad"
  },
  "1411681920735248404": {
    "ayahNumber": 530,
    "audioEdition": "ar.hanirifai"
  },
  "1411682037991084072": {
    "ayahNumber": 265,
    "audioEdition": "ar.hudhaify"
  },
  "1411682134460071959": {
    "ayahNumber": 841,
    "audioEdition": "ar.muhammadayyoub"
  },
  "1411682253318393916": {
    "ayahNumber": 150,
    "audioEdition": "ar.muhammadayyoub"
  },
  "1411682345026850856": {
    "ayahNumber": 3386,
    "audioEdition": "ar.aymanswoaid"
  },
  "1411682442678636575": {
    "ayahNumber": 78,
    "audioEdition": "ar.muhammadayyoub"
  },
  "1411682549385789470": {
    "ayahNumber": 1754,
    "audioEdition": "ar.hudhaify"
  },
  "1411682654197256203": {
    "ayahNumber": 3530,
    "audioEdition": "ar.abdurrahmaansudais"
  },
  "1411682758559797352": {
    "ayahNumber": 6199,
    "audioEdition": "ar.muhammadjibreel"
  },
  "1411682863656734772": {
    "ayahNumber": 2322,
    "audioEdition": "ar.muhammadayyoub"
  },
  "1411682969113989213": {
    "ayahNumber": 4434,
    "audioEdition": "ar.aymanswoaid"
  },
  "1411683166011396210": {
    "ayahNumber": 3319,
    "audioEdition": "ar.abdullahbasfar"
  },
  "1411683504672084001": {
    "ayahNumber": 5102,
    "audioEdition": "ar.hanirifai"
  },
  "1411683602823118888": {
    "ayahNumber": 1638,
    "audioEdition": "ar.ahmedajamy"
  },
  "1411683769743573086": {
    "ayahNumber": 2330,
    "audioEdition": "ar.ibrahimakhbar"
  },
  "1411683812471078985": {
    "ayahNumber": 5120,
    "audioEdition": "ar.mahermuaiqly"
  },
  "1411683917106249781": {
    "ayahNumber": 5381,
    "audioEdition": "ar.aymanswoaid"
  },
  "1411684023851421777": {
    "ayahNumber": 1038,
    "audioEdition": "ar.hanirifai"
  },
  "1411684127828349008": {
    "ayahNumber": 3512,
    "audioEdition": "ar.alafasy"
  },
  "1411684233205911585": {
    "ayahNumber": 6153,
    "audioEdition": "ar.husarymujawwad"
  },
  "1411684337950130312": {
    "ayahNumber": 1283,
    "audioEdition": "ar.ahmedajamy"
  },
  "1411684443474755644": {
    "ayahNumber": 625,
    "audioEdition": "ar.abdullahbasfar"
  },
  "1411684547304755351": {
    "ayahNumber": 3628,
    "audioEdition": "ar.saoodshuraym"
  },
  "1411684722639372350": {
    "ayahNumber": 3579,
    "audioEdition": "ar.aymanswoaid"
  },
  "1411684820010008576": {
    "ayahNumber": 4202,
    "audioEdition": "ar.husarymujawwad"
  },
  "1411684922611073096": {
    "ayahNumber": 3794,
    "audioEdition": "ar.husary"
  },
  "1411685029460971551": {
    "ayahNumber": 4396,
    "audioEdition": "ar.hudhaify"
  },
  "1411685132817137747": {
    "ayahNumber": 601,
    "audioEdition": "ar.saoodshuraym"
  },
  "1411685237846704230": {
    "ayahNumber": 2979,
    "audioEdition": "ar.hanirifai"
  },
  "1411685346097500190": {
    "ayahNumber": 870,
    "audioEdition": "ar.mahermuaiqly"
  },
  "1411685509234950204": {
    "ayahNumber": 2426,
    "audioEdition": "ar.parhizgar"
  },
  "1411685551651688449": {
    "ayahNumber": 4263,
    "audioEdition": "ar.alafasy"
  },
  "1411685660552728727": {
    "ayahNumber": 5228,
    "audioEdition": "ar.muhammadjibreel"
  },
  "1411685773287358635": {
    "ayahNumber": 1600,
    "audioEdition": "ar.abdurrahmaansudais"
  },
  "1411685873946198088": {
    "ayahNumber": 1271,
    "audioEdition": "ar.shaatree"
  },
  "1411686035766775817": {
    "ayahNumber": 1711,
    "audioEdition": "ar.alafasy"
  },
  "1411686074585190562": {
    "ayahNumber": 1337,
    "audioEdition": "ar.parhizgar"
  },
  "1411686180524785841": {
    "ayahNumber": 3146,
    "audioEdition": "ar.husarymujawwad"
  },
  "1411686285084594277": {
    "ayahNumber": 645,
    "audioEdition": "ar.hudhaify"
  },
  "1411686391611654234": {
    "ayahNumber": 5676,
    "audioEdition": "ar.ahmedajamy"
  },
  "1411686498205433938": {
    "ayahNumber": 4619,
    "audioEdition": "ar.hudhaify"
  },
  "1411686602165715096": {
    "ayahNumber": 934,
    "audioEdition": "ar.hanirifai"
  },
  "1411686706196779160": {
    "ayahNumber": 4388,
    "audioEdition": "ar.mahermuaiqly"
  },
  "1411686809582309546": {
    "ayahNumber": 3955,
    "audioEdition": "ar.muhammadjibreel"
  },
  "1411686913844183102": {
    "ayahNumber": 4973,
    "audioEdition": "ar.abdurrahmaansudais"
  },
  "1411687065241784341": {
    "ayahNumber": 3534,
    "audioEdition": "ar.parhizgar"
  },
  "1411687124847300720": {
    "ayahNumber": 2017,
    "audioEdition": "ar.abdulsamad"
  },
  "1411687270016221235": {
    "ayahNumber": 224,
    "audioEdition": "ar.shaatree"
  },
  "1411687333128044585": {
    "ayahNumber": 5086,
    "audioEdition": "ar.ahmedajamy"
  },
  "1411687437939249182": {
    "ayahNumber": 4630,
    "audioEdition": "ar.husary"
  },
  "1411687543094775959": {
    "ayahNumber": 4491,
    "audioEdition": "ar.saoodshuraym"
  },
  "1411687647411441737": {
    "ayahNumber": 223,
    "audioEdition": "ar.ibrahimakhbar"
  },
  "1411687752130363513": {
    "ayahNumber": 3574,
    "audioEdition": "ar.muhammadayyoub"
  },
  "1411687858405904456": {
    "ayahNumber": 211,
    "audioEdition": "ar.abdulsamad"
  },
  "1411687963607306352": {
    "ayahNumber": 4537,
    "audioEdition": "ar.abdulsamad"
  },
  "1411688067299020800": {
    "ayahNumber": 4284,
    "audioEdition": "ar.shaatree"
  },
  "1411688581008982018": {
    "ayahNumber": 3239,
    "audioEdition": "ar.shaatree"
  }
}