{
    "Tickets_Support": [
        {
            "userid": "1004895478569259079",
            "time": "<t:1708230183:R>",
            "claim": "860318175421530132",
            "transcrept": "https://mahto.id/chat-exporter?url=https://cdn.discordapp.com/attachments/1198771324294807562/1208632155584856135/claimed-midd.html?ex=65e3fd69&is=65d18869&hm=5227955a464198f8d0abf9f2eec7362636659238fb41d356a6b0989b9c859f25&",
            "Buys": "تم شراء روم خاص 7 ايامتم شراء منشور مميز ايفري",
            "NameTicket": "support-34",
            "Ticket": "1208629733009391637",
            "type": "close"
        },
        {
            "userid": "1004895478569259079",
            "time": "<t:1708230183:R>",
            "claim": "860318175421530132",
            "transcrept": "https://mahto.id/chat-exporter?url=https://cdn.discordapp.com/attachments/1198771324294807562/1208632155584856135/claimed-midd.html?ex=65e3fd69&is=65d18869&hm=5227955a464198f8d0abf9f2eec7362636659238fb41d356a6b0989b9c859f25&",
            "Buys": "تم شراء روم خاص 7 ايامتم شراء منشور مميز ايفري",
            "NameTicket": "support-36",
            "Ticket": "1208629733009341637",
            "type": "close"
        },
        {
            "userid": "1004895478569259079",
            "time": "<t:1708231363:R>",
            "claim": null,
            "transcrept": "https://mahto.id/chat-exporter?url=https://cdn.discordapp.com/attachments/1198771324294807562/1208635081997025360/support-35.html?ex=65e40022&is=65d18b22&hm=528c9374c3b8189ced455c966afd525247591a61b6b9fd7ee083f3c4e9f8c6b5&",
            "Buys": null,
            "NameTicket": "support-37",
            "Ticket": "1208634681755439165",
            "type": "close"
        },
        {
            "userid": "1075096862949912719",
            "time": "<t:1722625416:R>",
            "claim": "1075096862949912719",
            "transcrept": "https://mahto.id/chat-exporter?url=https://cdn.discordapp.com/attachments/1257810141835952218/1269008109809041492/claimed-gsh.html?ex=66ae7f66&is=66ad2de6&hm=e3a5e122b69581ca0b647fa10f71bb5c7bbde4954a2a26933f222c6d56167ef0&",
            "Buys": null,
            "NameTicket": "support-37",
            "Ticket": "1269007712918966354",
            "type": "close"
        },
        {
            "userid": "703587849622257765",
            "time": "<t:1722625848:R>",
            "claim": null,
            "transcrept": "https://mahto.id/chat-exporter?url=https://cdn.discordapp.com/attachments/1257810141835952218/1269012506458722325/support-38.html?ex=66ae837e&is=66ad31fe&hm=1db84226a8736f5db4a947a8fc7bbe6625fa105f094640653cb0e753d4f31ee5&",
            "Buys": null,
            "NameTicket": "support-38",
            "Ticket": "1269009526338748428",
            "type": "close"
        },
        {
            "userid": "703587849622257765",
            "time": "<t:1722626562:R>",
            "claim": null,
            "transcrept": "https://mahto.id/chat-exporter?url=https://cdn.discordapp.com/attachments/1257810141835952218/1269013080545955974/support-39.html?ex=66ae8407&is=66ad3287&hm=1bc70bb732f7d54766714d672c860bde76eb735a3b4f625773e0f33e72b53265&",
            "Buys": "تم شراء رتبة ☭ || Excellent S",
            "NameTicket": "support-39",
            "Ticket": "1269012522665644176",
            "type": "close"
        },
        {
            "userid": "1075096862949912719",
            "time": "<t:1722626804:R>",
            "claim": "1075096862949912719",
            "transcrept": "https://mahto.id/chat-exporter?url=https://cdn.discordapp.com/attachments/1257810141835952218/1269013755132379157/claimed-gsh.html?ex=66ae84a8&is=66ad3328&hm=795f29aebaf2bca9a3691eda495075e998c0d2b53292738f21536f81cebee001&",
            "Buys": null,
            "NameTicket": "support-40",
            "Ticket": "1269013536902873148",
            "type": "close"
        },
        {
            "userid": "703587849622257765",
            "time": "<t:1722626872:R>",
            "claim": null,
            "transcrept": "https://mahto.id/chat-exporter?url=https://cdn.discordapp.com/attachments/1257810141835952218/1269018249841086564/support-41.html?ex=66ae88d7&is=66ad3757&hm=a073052046893a67a70206262b64e31d3b9453414dc83c36410b1f4c9dc70b89&",
            "Buys": "تم شراء منشور مميز هير",
            "NameTicket": "support-41",
            "Ticket": "1269013822975512647",
            "type": "close"
        },
        {
            "userid": "703587849622257765",
            "time": "<t:1722627945:R>",
            "claim": null,
            "transcrept": "https://mahto.id/chat-exporter?url=https://cdn.discordapp.com/attachments/1257810141835952218/1269019586817298603/support-42.html?ex=66ae8a16&is=66ad3896&hm=a9791a9a7ed91d9341807e794ec0c764a044f826a622ff0efd06b2fb03839a5e&",
            "Buys": "تم شراء رتبة ☭ || Excellent S",
            "NameTicket": "support-42",
            "Ticket": "1269018319869055087",
            "type": "close"
        },
        {
            "userid": "1075096862949912719",
            "time": "<t:1722629111:R>",
            "claim": "1075096862949912719",
            "transcrept": "https://mahto.id/chat-exporter?url=https://cdn.discordapp.com/attachments/1257810141835952218/1269023255470014596/support-44.html?ex=66ae8d81&is=66ad3c01&hm=08079e30fccf03823245429be644f3efae2445517e67d14bdc77d558eae7757b&",
            "Buys": null,
            "NameTicket": "support-44",
            "Ticket": "1269023209215492222",
            "type": "close"
        }
    ]
}