{
    "staff_status": 1,
    "staff_submits": [
        "1154754868930695309",
        "714530255645442113",
        "1026129861636522065",
        "1013822079734386750",
        "1254141604726313022",
        "966088102739316756",
        "1244542238328098948"
    ],
    "question1": "Your Name",
    "question2": "Your Age",
    "question3": "Your country",
    "question4": "Active Hours",
    "question5": "Compétence",
    "submissions_room": "1186019128440524810",
    "staff_result": "1187413693818994869",
    "staff_role": "1184892522745569380"
}