[
  {
    "id": "1360994788815540385",
    "name": "transcript",
    "type": "GuildText"
  },
  {
    "id": "1360994835682820146",
    "name": "ticket-fares_khedr",
    "type": "GuildText"
  },
  {
    "id": "1360994839348646148",
    "name": "🎢・admin-rankup",
    "type": "GuildText"
  },
  {
    "id": "1360994881744666835",
    "name": "〡💡┆suggestions",
    "type": "GuildText"
  },
  {
    "id": "1399163827911790663",
    "name": "test",
    "type": "GuildForum"
  },
  {
    "id": "1360994790098997469",
    "name": "broad-paid-1",
    "type": "GuildText"
  },
  {
    "id": "1363624934160597092",
    "name": "maker",
    "type": "GuildText"
  },
  {
    "id": "1360994874501103998",
    "name": "〡📉┆feedback",
    "type": "GuildText"
  },
  {
    "id": "1360994886081581191",
    "name": "〡📑┆admins・suggstions",
    "type": "GuildText"
  },
  {
    "id": "1360994779990720702",
    "name": "〢⚡・ private",
    "type": "GuildCategory"
  },
  {
    "id": "1360994814547460289",
    "name": "تسليم-23m",
    "type": "GuildText"
  },
  {
    "id": "1360994876044611774",
    "name": "〡🔮┆boost",
    "type": "GuildText"
  },
  {
    "id": "1360994777637589113",
    "name": "〢📢・TEMPVOICE CATEGORY",
    "type": "GuildCategory"
  },
  {
    "id": "1360994795849388244",
    "name": "✨┆discord.gg/pepo",
    "type": "GuildVoice"
  },
  {
    "id": "1360994845363015947",
    "name": "〡🎯┆games",
    "type": "GuildText"
  },
  {
    "id": "1363587480808587484",
    "name": "AI",
    "type": "GuildCategory"
  },
  {
    "id": "1360994860362104994",
    "name": "ticket-_uqr",
    "type": "GuildText"
  },
  {
    "id": "1360994833367433508",
    "name": "〡🧾┆about・server",
    "type": "GuildText"
  },
  {
    "id": "1390124511218892883",
    "name": "ticket-00",
    "type": "GuildText"
  },
  {
    "id": "1386288275219546274",
    "name": "log",
    "type": "GuildText"
  },
  {
    "id": "1360994810697351179",
    "name": "〡🛑┆rules",
    "type": "GuildText"
  },
  {
    "id": "1360994849033289989",
    "name": "transcript",
    "type": "GuildText"
  },
  {
    "id": "1360994825708765295",
    "name": "〡🎨┆designs",
    "type": "GuildText"
  },
  {
    "id": "1363625109352354012",
    "name": "webhooks-updates",
    "type": "GuildText"
  },
  {
    "id": "1360994858713743553",
    "name": "〡💭┆chat",
    "type": "GuildText"
  },
  {
    "id": "1360994880557416589",
    "name": "attachment",
    "type": "GuildText"
  },
  {
    "id": "1360994770570313959",
    "name": "〢👾・Fun",
    "type": "GuildCategory"
  },
  {
    "id": "1360994840547950682",
    "name": "〡✅┆subscribers",
    "type": "GuildText"
  },
  {
    "id": "1360994873007800444",
    "name": "stats",
    "type": "GuildText"
  },
  {
    "id": "1360994830733414450",
    "name": "test-room",
    "type": "GuildText"
  },
  {
    "id": "1360994870570778889",
    "name": "〡🤖┆cmd",
    "type": "GuildText"
  },
  {
    "id": "1360994828090867723",
    "name": "system-logs",
    "type": "GuildText"
  },
  {
    "id": "1360994787129299075",
    "name": "〡💎┆welcome",
    "type": "GuildText"
  },
  {
    "id": "1363625002351722658",
    "name": "updates",
    "type": "GuildText"
  },
  {
    "id": "1360994776278634589",
    "name": "MOD MAIL",
    "type": "GuildCategory"
  },
  {
    "id": "1401594283823464488",
    "name": "job-rewebby",
    "type": "GuildText"
  },
  {
    "id": "1360994778850001057",
    "name": "〢🕵🏼・ ADMINS",
    "type": "GuildCategory"
  },
  {
    "id": "1360994871824875681",
    "name": "〡✅┆log・subscribers",
    "type": "GuildText"
  },
  {
    "id": "1360994806632812605",
    "name": "sapphire-logs",
    "type": "GuildText"
  },
  {
    "id": "1360994808143020154",
    "name": "✨・interface",
    "type": "GuildText"
  },
  {
    "id": "1368540670448500766",
    "name": "question-rewebby",
    "type": "GuildText"
  },
  {
    "id": "1360994762492088593",
    "name": "📊 SERVER STATS 📊",
    "type": "GuildCategory"
  },
  {
    "id": "1360994847774736536",
    "name": "〡🔎┆search",
    "type": "GuildText"
  },
  {
    "id": "1360994772180930714",
    "name": "SUPPORT",
    "type": "GuildCategory"
  },
  {
    "id": "1360994794788094012",
    "name": "➕ Creator Channel",
    "type": "GuildVoice"
  },
  {
    "id": "1360994797485035811",
    "name": "〡📺┆new・videos",
    "type": "GuildText"
  },
  {
    "id": "1360994863448850624",
    "name": "📡・news",
    "type": "GuildText"
  },
  {
    "id": "1360994801763221644",
    "name": "partner",
    "type": "GuildText"
  },
  {
    "id": "1360994831966666852",
    "name": "log",
    "type": "GuildText"
  },
  {
    "id": "1360994866561028367",
    "name": "〡🏦┆bank",
    "type": "GuildText"
  },
  {
    "id": "1360991951364685994",
    "name": "akkakak",
    "type": "GuildText"
  },
  {
    "id": "1360994820155375656",
    "name": "broad-paid-2",
    "type": "GuildText"
  },
  {
    "id": "1360994765486690374",
    "name": "〢🔗 ・INFO",
    "type": "GuildCategory"
  },
  {
    "id": "1360994774961619155",
    "name": "APPLY",
    "type": "GuildCategory"
  },
  {
    "id": "1360994793282474024",
    "name": "🍃・owner",
    "type": "GuildText"
  },
  {
    "id": "1360994888090390649",
    "name": "🎊・giveaway",
    "type": "GuildText"
  },
  {
    "id": "1363587526870438049",
    "name": "ai",
    "type": "GuildText"
  },
  {
    "id": "1360994824253341809",
    "name": "〡⭐┆verification",
    "type": "GuildText"
  },
  {
    "id": "1360994769529995344",
    "name": "〢📌・General assistance",
    "type": "GuildCategory"
  },
  {
    "id": "1360994766384398467",
    "name": "〢📣 ・important",
    "type": "GuildCategory"
  },
  {
    "id": "1360994869451034915",
    "name": "mention",
    "type": "GuildText"
  },
  {
    "id": "1360994768347463680",
    "name": "〢🌍・ GENERAL",
    "type": "GuildCategory"
  },
  {
    "id": "1360994811884077208",
    "name": "〡🎡┆spin",
    "type": "GuildText"
  },
  {
    "id": "1360994798793916467",
    "name": "ticket-mohamed7mandos",
    "type": "GuildText"
  },
  {
    "id": "1360994879047471256",
    "name": "💬・admin-chat",
    "type": "GuildText"
  },
  {
    "id": "1360994841877545201",
    "name": "〡🏆┆roles",
    "type": "GuildText"
  },
  {
    "id": "1360994805022199958",
    "name": "🎉steam-account🎉",
    "type": "GuildText"
  },
  {
    "id": "1360994883787297000",
    "name": "🔍・admins・commands",
    "type": "GuildText"
  },
  {
    "id": "1360994889336098877",
    "name": "📂・warns",
    "type": "GuildText"
  },
  {
    "id": "1360994865378496522",
    "name": "〡🤝┆partners",
    "type": "GuildText"
  },
  {
    "id": "1360994813666660554",
    "name": "⛔・admins-rules",
    "type": "GuildText"
  },
  {
    "id": "1360994827029975251",
    "name": "〡✅┆get・roles",
    "type": "GuildText"
  },
  {
    "id": "1360994877390717129",
    "name": "〡🎨┆media",
    "type": "GuildText"
  },
  {
    "id": "1360994818364407912",
    "name": "📺┆Subscribers: 33.5K",
    "type": "GuildVoice"
  },
  {
    "id": "1360994843190362132",
    "name": "💖┆Members: 738",
    "type": "GuildVoice"
  },
  {
    "id": "1360994773665583185",
    "name": "ADS",
    "type": "GuildCategory"
  },
  {
    "id": "1360994885129207960",
    "name": "✈・admin・excuses",
    "type": "GuildText"
  },
  {
    "id": "1360994781278503082",
    "name": "LOGS",
    "type": "GuildCategory"
  },
  {
    "id": "1398992619148804176",
    "name": "دي بس",
    "type": "GuildPublicThread"
  },
  {
    "id": "1398984636159230033",
    "name": "tets",
    "type": "GuildPublicThread"
  }
]