[
  {
    "id": "1398989346455163010",
    "name": "jail",
    "memberCount": 0,
    "color": "#000000",
    "position": 64
  },
  {
    "id": "1360994687917490501",
    "name": "ADMIN",
    "memberCount": 0,
    "color": "#3498db",
    "position": 63
  },
  {
    "id": "1360994701465096454",
    "name": "PEPO VIP",
    "memberCount": 0,
    "color": "#1ae016",
    "position": 62
  },
  {
    "id": "1360994689494548540",
    "name": "VACATION",
    "memberCount": 0,
    "color": "#000000",
    "position": 56
  },
  {
    "id": "1360994690706440282",
    "name": "SCAMMER",
    "memberCount": 0,
    "color": "#979c9f",
    "position": 55
  },
  {
    "id": "1360994696997896354",
    "name": "Sapphire",
    "memberCount": 0,
    "color": "#000000",
    "position": 54
  },
  {
    "id": "1360994698088677396",
    "name": "EPIC",
    "memberCount": 0,
    "color": "#dbdbda",
    "position": 53
  },
  {
    "id": "1360994698612965577",
    "name": "MEMBERS",
    "memberCount": 0,
    "color": "#95a5a6",
    "position": 52
  },
  {
    "id": "1360994700424642661",
    "name": "SYSTEM BOTS",
    "memberCount": 0,
    "color": "#0074ff",
    "position": 51
  },
  {
    "id": "1360994702442238064",
    "name": "Sapphire Whitelist",
    "memberCount": 0,
    "color": "#000000",
    "position": 50
  },
  {
    "id": "1360994704870608896",
    "name": "Queen",
    "memberCount": 0,
    "color": "#b000ff",
    "position": 48
  },
  {
    "id": "1360994706103996577",
    "name": "COMMANDER",
    "memberCount": 0,
    "color": "#c00000",
    "position": 47
  },
  {
    "id": "1360994707714609163",
    "name": "ServerStats",
    "memberCount": 0,
    "color": "#000000",
    "position": 46
  },
  {
    "id": "1360994709182484500",
    "name": "HEAD ADMIN",
    "memberCount": 0,
    "color": "#e67e22",
    "position": 45
  },
  {
    "id": "1360994710147174603",
    "name": "PB",
    "memberCount": 0,
    "color": "#000000",
    "position": 44
  },
  {
    "id": "1360994711724097617",
    "name": "LEAD CO OWNER",
    "memberCount": 0,
    "color": "#020202",
    "position": 43
  },
  {
    "id": "1360994712864952652",
    "name": "Verify Bot",
    "memberCount": 0,
    "color": "#000000",
    "position": 42
  },
  {
    "id": "1360994713947209808",
    "name": "Server Updates",
    "memberCount": 0,
    "color": "#006caf",
    "position": 41
  },
  {
    "id": "1360994715050442772",
    "name": "إِذْكُرّني",
    "memberCount": 0,
    "color": "#000000",
    "position": 40
  },
  {
    "id": "1360994716195491950",
    "name": "InviteLogger",
    "memberCount": 0,
    "color": "#000000",
    "position": 39
  },
  {
    "id": "1360994717353119976",
    "name": "LEGNDARY",
    "memberCount": 0,
    "color": "#ff00a0",
    "position": 38
  },
  {
    "id": "1360994718674190556",
    "name": "MODERATOR",
    "memberCount": 0,
    "color": "#5c0679",
    "position": 37
  },
  {
    "id": "1360994719521571042",
    "name": "STAFF",
    "memberCount": 0,
    "color": "#ff0000",
    "position": 36
  },
  {
    "id": "1360994721517801522",
    "name": "PEPO SECURITY",
    "memberCount": 0,
    "color": "#000000",
    "position": 35
  },
  {
    "id": "1360994722558251098",
    "name": "HEROTIC",
    "memberCount": 0,
    "color": "#8600ff",
    "position": 34
  },
  {
    "id": "1360994723698970794",
    "name": "========RANKS OWNER=========",
    "memberCount": 0,
    "color": "#000000",
    "position": 33
  },
  {
    "id": "1360994724487626933",
    "name": "HELPER",
    "memberCount": 0,
    "color": "#c36161",
    "position": 32
  },
  {
    "id": "1360994725833867274",
    "name": "SOLAY Games",
    "memberCount": 0,
    "color": "#000000",
    "position": 31
  },
  {
    "id": "1360994726622265676",
    "name": "RIGHT HAND",
    "memberCount": 6,
    "color": "#550000",
    "position": 30
  },
  {
    "id": "1360994728363163698",
    "name": "MONSTER",
    "memberCount": 0,
    "color": "#db0404",
    "position": 29
  },
  {
    "id": "1360994729398898813",
    "name": "BOOSTER",
    "memberCount": 0,
    "color": "#f47fff",
    "position": 28
  },
  {
    "id": "1360994730296610989",
    "name": "Full Security",
    "memberCount": 0,
    "color": "#000000",
    "position": 27
  },
  {
    "id": "1360994731638653171",
    "name": "Discord Updates",
    "memberCount": 0,
    "color": "#206694",
    "position": 26
  },
  {
    "id": "1360994732666519803",
    "name": "SENIOR MODERATOR",
    "memberCount": 0,
    "color": "#1abc9c",
    "position": 25
  },
  {
    "id": "1360994733819957387",
    "name": "Owner Event",
    "memberCount": 0,
    "color": "#2ecc71",
    "position": 24
  },
  {
    "id": "1360994737586176080",
    "name": "Lutex",
    "memberCount": 0,
    "color": "#000000",
    "position": 23
  },
  {
    "id": "1360994738253336709",
    "name": "Giveaway Boat",
    "memberCount": 0,
    "color": "#000000",
    "position": 22
  },
  {
    "id": "1360994739725537440",
    "name": "SUPER EPIC",
    "memberCount": 0,
    "color": "#d81702",
    "position": 21
  },
  {
    "id": "1360994740782502240",
    "name": "ProBot ✨",
    "memberCount": 0,
    "color": "#000000",
    "position": 20
  },
  {
    "id": "1360994742539649265",
    "name": "Others bots",
    "memberCount": 0,
    "color": "#000000",
    "position": 19
  },
  {
    "id": "1360994746251608244",
    "name": "CO OWNER",
    "memberCount": 0,
    "color": "#e74c3c",
    "position": 18
  },
  {
    "id": "1360994747681869924",
    "name": "Designer",
    "memberCount": 0,
    "color": "#e74c3c",
    "position": 17
  },
  {
    "id": "1360994748688629852",
    "name": "TempVoice",
    "memberCount": 0,
    "color": "#000000",
    "position": 16
  },
  {
    "id": "1360994750257299496",
    "name": "Fizbo",
    "memberCount": 0,
    "color": "#000000",
    "position": 15
  },
  {
    "id": "1360994751658066203",
    "name": "SUPER",
    "memberCount": 0,
    "color": "#b700ff",
    "position": 14
  },
  {
    "id": "1360994752786469044",
    "name": "Security",
    "memberCount": 0,
    "color": "#000000",
    "position": 13
  },
  {
    "id": "1360994753797427271",
    "name": "OWNER",
    "memberCount": 0,
    "color": "#e91e63",
    "position": 12
  },
  {
    "id": "1360994755261104320",
    "name": "Central Bank.",
    "memberCount": 0,
    "color": "#000000",
    "position": 11
  },
  {
    "id": "1360994756146106610",
    "name": "Wick",
    "memberCount": 0,
    "color": "#000000",
    "position": 10
  },
  {
    "id": "1360994757265981664",
    "name": "CEO",
    "memberCount": 0,
    "color": "#964cf6",
    "position": 9
  },
  {
    "id": "1360994758746706050",
    "name": "Remoji",
    "memberCount": 0,
    "color": "#000000",
    "position": 8
  },
  {
    "id": "1360994759963054240",
    "name": "Muted",
    "memberCount": 0,
    "color": "#000000",
    "position": 7
  }
]