{
  "commands": {
    "tax": {
      "name": "tax",
      "description": "Credit Currency Tax Calculation",
      "enabled": true,
      "aliases": [
        "tax",
        "t"
      ],
      "permissions": {
        "enabledRoleIds": [
          "1398989346455163010",
          "1360994687917490501"
        ],
        "disabledRoleIds": [
          "1360994719521571042"
        ],
        "enabledRoomIds": []
      }
    },
    "clear_msg": {
      "name": "clear_msg",
      "description": "Quickly delete messages",
      "enabled": true,
      "aliases": [
        "مسح",
        "c"
      ],
      "permissions": {
        "enabledRoleIds": [],
        "disabledRoleIds": [],
        "enabledRoomIds": []
      }
    },
    "come": {
      "name": "come",
      "description": "Call a specific person",
      "enabled": true,
      "aliases": [
        "come",
        "استدعاء"
      ],
      "permissions": {
        "enabledRoleIds": [],
        "disabledRoleIds": [],
        "enabledRoomIds": []
      }
    },
    "nickname": {
      "name": "nickname",
      "description": "Change a person's name",
      "enabled": true,
      "aliases": [
        "nick",
        "اسم",
        "nickname"
      ],
      "permissions": {
        "enabledRoleIds": [],
        "disabledRoleIds": [],
        "enabledRoomIds": []
      }
    },
    "ban": {
      "name": "ban",
      "description": "ban a specific person",
      "enabled": true,
      "aliases": [
        "ban"
      ],
      "permissions": {
        "enabledRoleIds": [],
        "disabledRoleIds": [],
        "enabledRoomIds": []
      }
    },
    "unban": {
      "name": "unban",
      "description": "unban a specific baned person",
      "enabled": true,
      "aliases": [
        "unban"
      ],
      "permissions": {
        "enabledRoleIds": [],
        "disabledRoleIds": [],
        "enabledRoomIds": []
      }
    },
    "avatar": {
      "name": "avatar",
      "description": "Know your photo or a specific person",
      "enabled": true,
      "aliases": [
        "av",
        "افاتار"
      ],
      "permissions": {
        "enabledRoleIds": [],
        "disabledRoleIds": [],
        "enabledRoomIds": []
      }
    },
    "logo_server": {
      "name": "logo_server",
      "description": "Extract server logo",
      "enabled": true,
      "aliases": [
        "ls",
        "logo"
      ],
      "permissions": {
        "enabledRoleIds": [],
        "disabledRoleIds": [],
        "enabledRoomIds": []
      }
    },
    "profile": {
      "name": "profile",
      "description": "Extract personal information",
      "enabled": true,
      "aliases": [
        "pp"
      ],
      "permissions": {
        "enabledRoleIds": [],
        "disabledRoleIds": [],
        "enabledRoomIds": []
      }
    },
    "list_banned": {
      "name": "list_banned",
      "description": "Extract a list of all those banned from the server",
      "enabled": true,
      "aliases": [
        "lb"
      ],
      "permissions": {
        "enabledRoleIds": [],
        "disabledRoleIds": [],
        "enabledRoomIds": []
      }
    },
    "afk": {
      "name": "afk",
      "description": "Busy status",
      "enabled": true,
      "aliases": [
        "afk"
      ],
      "permissions": {
        "enabledRoleIds": [],
        "disabledRoleIds": [],
        "enabledRoomIds": []
      }
    },
    "warn": {
      "name": "warn",
      "description": "Give a warning to a specific person",
      "enabled": true,
      "aliases": [
        "w"
      ],
      "permissions": {
        "enabledRoleIds": [],
        "disabledRoleIds": [],
        "enabledRoomIds": []
      }
    },
    "unwarn": {
      "name": "unwarn",
      "description": "Cancel a warning for a specific person",
      "enabled": true,
      "aliases": [
        "unw"
      ],
      "permissions": {
        "enabledRoleIds": [],
        "disabledRoleIds": [],
        "enabledRoomIds": []
      }
    },
    "warning": {
      "name": "warning",
      "description": "Knowing the warning list for a specific person",
      "enabled": true,
      "aliases": [
        "wa"
      ],
      "permissions": {
        "enabledRoleIds": [],
        "disabledRoleIds": [],
        "enabledRoomIds": []
      }
    },
    "sendasbot": {
      "name": "sendasbot",
      "description": "Send a message as a bot",
      "enabled": true,
      "aliases": [],
      "permissions": {
        "enabledRoleIds": [],
        "disabledRoleIds": [],
        "enabledRoomIds": []
      }
    },
    "kick": {
      "name": "kick",
      "description": "kick a specific person",
      "enabled": true,
      "aliases": [
        "kick"
      ],
      "permissions": {
        "enabledRoleIds": [],
        "disabledRoleIds": [],
        "enabledRoomIds": []
      }
    },
    "lock": {
      "name": "lock",
      "description": "Lock a specific room",
      "enabled": true,
      "aliases": [
        "lock"
      ],
      "permissions": {
        "enabledRoleIds": [],
        "disabledRoleIds": [],
        "enabledRoomIds": []
      }
    },
    "unlock": {
      "name": "unlock",
      "description": "Unlock a specific room",
      "enabled": true,
      "aliases": [
        "unlock"
      ],
      "permissions": {
        "enabledRoleIds": [],
        "disabledRoleIds": [],
        "enabledRoomIds": []
      }
    },
    "mute": {
      "name": "mute",
      "description": "Silence a specific person",
      "enabled": true,
      "aliases": [
        "mute"
      ],
      "permissions": {
        "enabledRoleIds": [],
        "disabledRoleIds": [],
        "enabledRoomIds": []
      }
    },
    "unmute": {
      "name": "unmute",
      "description": "Unmute a specific person",
      "enabled": true,
      "aliases": [
        "unmute"
      ],
      "permissions": {
        "enabledRoleIds": [],
        "disabledRoleIds": [],
        "enabledRoomIds": []
      }
    },
    "vacation": {
      "name": "vacation",
      "description": "vacation request",
      "enabled": true,
      "aliases": [
        "vacation"
      ],
      "permissions": {
        "enabledRoleIds": [],
        "disabledRoleIds": [],
        "enabledRoomIds": []
      }
    },
    "slowmode": {
      "name": "slowmode",
      "description": "Set a time limit between messages",
      "enabled": true,
      "aliases": [
        "sm"
      ],
      "permissions": {
        "enabledRoleIds": [],
        "disabledRoleIds": [],
        "enabledRoomIds": []
      }
    },
    "multipe_role": {
      "name": "multipe_role",
      "description": "Give or take away roles from everyone",
      "enabled": true,
      "aliases": [
        "mr"
      ],
      "permissions": {
        "enabledRoleIds": [],
        "disabledRoleIds": [],
        "enabledRoomIds": []
      }
    },
    "jail": {
      "name": "jail",
      "description": "jail a specific person",
      "enabled": true,
      "aliases": [
        "jail"
      ],
      "permissions": {
        "enabledRoleIds": [],
        "disabledRoleIds": [],
        "enabledRoomIds": []
      }
    },
    "unjail": {
      "name": "unjail",
      "description": "unjail a person from prison",
      "enabled": false,
      "aliases": [
        "unjail"
      ],
      "permissions": {
        "enabledRoleIds": [],
        "disabledRoleIds": [],
        "enabledRoomIds": []
      }
    }
  }
}