{
    "1254578047492034600": {
        "accessToken": "k3Je2UA0cw2cVVM9xq3U2huWVSLSOQ",
        "refreshToken": "sjgGJTJpr5GEK4V7DdAEUSsR7WocOO"
    },
    "1233067423947685999": {
        "accessToken": "dGqM8Cy1XPlFoyJ7up2d7V5QKYq5uw",
        "refreshToken": "B4zz5tgXL6d8z7eVjsTACRxWZL0XBe"
    },
    "1084677266400874506": {
        "accessToken": "pgPvo9EeEWZc6QT4cMs7jtX5GlgVM3",
        "refreshToken": "JFsuxKNZBFlReWgzBtUBb8ItbqUbzl"
    },
    "1086340068668608552": {
        "accessToken": "vOe5Yih9rp9ivhTC5vVxaI95AyFMSD",
        "refreshToken": "z54g4EOfUBk9FkscFjBsKxGNjXbdFI"
    },
    "1174791595485319238": {
        "accessToken": "ridn8IhAMaKzP0IOwrgCABBcYnZ2TA",
        "refreshToken": "OENLuirUw5ejNceQqsILWpeGXAUTyN"
    },
    "1189687674135650414": {
        "accessToken": "ER6pHFhHGQfX6f0121o3va5qBNm8A7",
        "refreshToken": "06gsPLXpcHEcipN18Wu1MIqlMPNIaC"
    },
    "889457168611430421": {
        "accessToken": "0fOUU8fY7DVuUKd5Q5HHMJFfCg0R4j",
        "refreshToken": "6OvqClNUTpyTPBfrbcIF0rMwk3I4Fc"
    },
    "1233471691032629259": {
        "accessToken": "93Fb1p0UXvFyLHR4LcR8JMl9QI0e1t",
        "refreshToken": "atYiV0BZbUSsXOCHM0PX0YtNUmuW2v"
    },
    "1208483281348329513": {
        "accessToken": "5QYodZQVzLlimDc72IK9MFq9sjUK3e",
        "refreshToken": "chEE0fWWHjZ75F0zo1NNQTiZHynbSn"
    },
    "1264897515334139925": {
        "accessToken": "THLmiP8YlhBZkBixKf66vCwqyD4ulv",
        "refreshToken": "ve6CjZxNTWt4z42sUYacEK5xgigx8T"
    },
    "1275253670698553508": {
        "accessToken": "e7ADhQG8m9n785J1Vq0d6vlsuQIsDl",
        "refreshToken": "NNNXxBWthw99cEuLSSk9ANTXGi7AIT"
    },
    "1062005164569002034": {
        "accessToken": "2wYfUyZYBE82eNYRo4lxSdSi1yveg8",
        "refreshToken": "7DXpGMlotaXL1Lr0nrhxNWA3oOrQul"
    },
    "1201126438556938323": {
        "accessToken": "DrR8ACqZNQHmXc4tKXv8QGHgHTYviU",
        "refreshToken": "OaZhhMO9MHL1ZlshzOYs3MSVZ2FBeP"
    },
    "1115744155671466147": {
        "accessToken": "wDTZLTxlypUFdMsoemTwtynm6Pblhh",
        "refreshToken": "IXqlMu8Ci9sYECujw9auYiwapttqV1"
    },
    "891207789563756544": {
        "accessToken": "743gk9c1w4wZca6g6erRCJNPBvMJ7e",
        "refreshToken": "sQzeJbTyuD4DYAKcXH0f4PDaXUq0y3"
    },
    "1276614591597772800": {
        "accessToken": "CULbm4Sy9EK46Cqj4AOQzzgchOAZHn",
        "refreshToken": "3RxzCRIGnuFEavj10JaHOoYKwBHjFP"
    },
    "1213097500483784715": {
        "accessToken": "5V4hihPdpR39NXsdeY4D6tQY4bh175",
        "refreshToken": "dctj0AM7902yEursYPPN8dgL6s3kwK"
    },
    "1284008907936628797": {
        "accessToken": "HqdsN3DgphF0F130SOH7nZq3dlL8ZI",
        "refreshToken": "548S5nyC8Zh9oFRM6rGBYt8YHsrNUX"
    },
    "874332139750039552": {
        "accessToken": "P8rXl8x8gO9MECOGFViKuQoUadysap",
        "refreshToken": "f3ywcrXiRgkOzxClpifNf7enNE3ba7"
    },
    "1218511305707618354": {
        "accessToken": "pH3lPECyfzDJtOTS50taoX9PXdKf5k",
        "refreshToken": "TQrG54Axrb1DULqlmu4diJNcT69Kb9"
    },
    "1282443901462122528": {
        "accessToken": "Nat5GReTpXPp9fRh3HNCr2O03cf4LF",
        "refreshToken": "R03RJxaZTbumrhOssirr3QD5io7zoz"
    },
    "1291030721116373022": {
        "accessToken": "wzK9ukKF1T9CGQpXeOzmTxAiDnHMRC",
        "refreshToken": "S8KgUZoB2MstrT50dTHXT9lQFnLZDX"
    },
    "1026317341392379934": {
        "accessToken": "fEUEUqUho4pplepQGtluvtC2Cus615",
        "refreshToken": "BdVm3fDM3X9I08gbDfhYIHS8c5NpIy"
    },
    "1278425757806362737": {
        "accessToken": "Y2in3Mk80ABzRoQUdkf1qC0wfmiKVj",
        "refreshToken": "tuyWmi066RJzVSpc75FhIYQMh7Xjes"
    },
    "1205042711028039757": {
        "accessToken": "p4bk3B3xNjxkJeUQZQCp8R3lPGXGnD",
        "refreshToken": "SD5S2QSkwU1ZVnXOTcs9tL3AfLcFoz"
    },
    "1268516283939291138": {
        "accessToken": "3rMwc6aiI0SgbhgCQn3ylFmKaWA4Aa",
        "refreshToken": "4nlLIfImdmBsbz7tsX9Nq24x4QWl7w"
    },
    "1289949408519127164": {
        "accessToken": "GPC0xIKhe2AczhKKjN7oOF4HIJZbPX",
        "refreshToken": "isxPQdbdZxy1paXDYRBlqo3RtvRyeZ"
    },
    "1158819224093986936": {
        "accessToken": "bAzJABulf0dl7BbJmfHn5E7JfSixbO",
        "refreshToken": "oqJKAK07LclQ26qh0zu3mSwcEALlfS"
    },
    "1250432376392388748": {
        "accessToken": "WwFqmCwpOJPPYciILTbWvcOygqneKL",
        "refreshToken": "p3LuKr3YlJ2KIcGKtGV91EVOVZtoYa"
    },
    "1276237125049647105": {
        "accessToken": "ACSYWlthrnfm9BAmfXELtlnZ0AL0EQ",
        "refreshToken": "oAS1gumyE2azKz22a1M6bAt2wwUH70"
    },
    "1237762249058418718": {
        "accessToken": "WpLVmPRXqvrNvWsuJszH2PXaIpckkL",
        "refreshToken": "YOD2cii04LEdV0nEhANcEGEkgv3rIq"
    },
    "1244612638831280210": {
        "accessToken": "6XNcaikO6lGRExXRSGczjVXxYUmjPk",
        "refreshToken": "n2Fh0KFqL5KRNxemd2FbAdRMw9RTTD"
    },
    "1243532424319729664": {
        "accessToken": "vTuBQ1gBvLxjbyPMPpqRTneGkLYWm8",
        "refreshToken": "Cix6mu0TXWbaW1wVKuSLWPvD8fP0tO"
    },
    "1254156013066780722": {
        "accessToken": "d5mSjhaAU0Ep0DwcMdHuF8XDnzQzXd",
        "refreshToken": "upPpYMZ9wmHrzQnyvSLymyQz9tZsEy"
    }
}