{
    "1283477330429481034": [
        {
            "issuedBy": "756947441592303707",
            "reason": "لا تسب",
            "timestamp": "2025-07-21T21:48:45.519Z"
        }
    ],
    "940308359687594034": [],
    "756947441592303707": [
        {
            "issuedBy": "756947441592303707",
            "reason": "تفف",
            "timestamp": "2025-07-26T19:36:35.311Z",
            "moderator": "rewebby"
        },
        {
            "id": "Anxs-mdknzea3B0LCH",
            "issuedBy": "940308359687594034",
            "reason": "يمنع السبام",
            "timestamp": "2025-07-26T19:49:46.635Z",
            "moderator": ".862"
        },
        {
            "id": "ANXS-46021678",
            "issuedBy": "756947441592303707",
            "reason": "سبام",
            "timestamp": "2025-07-26T19:53:08.653Z",
            "moderator": "rewebby"
        }
    ]
}